latitude,longitude,depth_m,substrate,habitat
24.33195,-77.68746,3,Sand & seagrass,Channel
24.5867,-77.69345,4,Sand & seagrass,Back reef
24.5867,-77.69345,4,Sand & seagrass,Back reef
24.5867,-77.69345,4,Sand & seagrass,Back reef
24.5867,-77.69345,4,Sand & seagrass,Back reef
24.54883,-77.63503,1100,Pelagic,Pelagic
24.4105,-77.79701,5,Seagrass & Silt,Channel
24.43573,-77.70523,3,Sand & seagrass,Channel
24.33166,-77.68358,3,Sand & seagrass,Channel
24.42868,-77.70989,3,Patch reef,Back reef
24.54883,-77.63503,1100,Pelagic,Pelagic
24.5867,-77.69345,5,Patch reef,Back reef
24.5867,-77.69345,5,Patch reef,Back reef
24.54883,-77.63503,1100,Pelagic,Pelagic
24.42868,-77.70989,4,Patch reef,Channel
24.58891,-77.68858,5.7,Sand & Rock,Back reef
24.71751,-77.80446,1.8,Sand,Channel
24.43936,-77.71518,2.7,Sand & seagrass,Flats
24.43856,-77.7143,3.4,Sand & seagrass,Flats
24.43803,-77.7104,3.4,Sand & octocorals,Flats
24.43745,-77.70825,2.7,Sand & seagrass,Flats
24.43678,-77.7056,3,Sand & seagrass,Flats
24.43936,-77.71518,2.7,Sand & seagrass,Flats
24.43856,-77.7143,3.4,Sand & seagrass,Flats
24.43803,-77.7104,4,Sand & octocorals,Flats
24.43745,-77.70825,3,Sand & seagrass,Flats
24.43678,-77.7056,4,Sand & seagrass,Flats
24.45567,-77.72871,2.4,Sand & seagrass,Flats
24.4533,-77.72861,2.8,Sand & seagrass,Flats
24.45004,-77.72874,2.4,Sand & seagrass,Flats
24.44659,-77.72935,2.7,Sand & seagrass,Flats
24.44368,-77.72961,3,Sand & seagrass,Flats
24.45567,-77.72871,2.2,Sand & seagrass,Flats
24.4533,-77.72861,2.3,Sand & seagrass,Flats
24.45004,-77.72874,2.4,Sand & seagrass,Flats
24.44659,-77.72935,2.2,Sand & seagrass,Flats
24.44368,-77.72961,2.6,Sand & seagrass,Flats
24.45567,-77.72871,2.1,Sand & seagrass,Flats
24.4533,-77.72861,2.3,Sand & seagrass,Flats
24.45004,-77.72874,2.3,Sand & seagrass,Flats
24.44659,-77.72935,2.2,Sand & seagrass,Flats
24.44368,-77.72961,2.5,Sand & seagrass,Flats
24.49825,-77.70164,2.8,Sand & seagrass,Back reef
24.49826,-77.70461,2.6,Sand & seagrass,Flats
24.49826,-77.70982,2.6,Sand & seagrass,Flats
24.49849,-77.71199,2.7,Sand & seagrass,Flats
24.4982,-77.7147,2.4,Sand & seagrass,Flats
24.49825,-77.70164,2.5,Sand & seagrass,Back reef
24.49826,-77.70461,2.3,Sand & seagrass,Flats
24.49826,-77.70982,2.5,Sand & seagrass,Flats
24.49849,-77.71199,3.4,Sand & seagrass,Flats
24.4982,-77.7147,2.1,Sand & seagrass,Flats
24.49825,-77.70164,2.5,Sand & seagrass,Back reef
24.49826,-77.70461,2.5,Sand & seagrass,Flats
24.49826,-77.70982,2.5,Sand & seagrass,Flats
24.49849,-77.71199,2.7,Sand & seagrass,Flats
24.4982,-77.7147,2.1,Sand & seagrass,Flats
24.40769,-77.74472,0.2,Sand & seagrass,Flats
24.40769,-77.74472,0.8,Sand & seagrass,Flats
24.40769,-77.74472,0.7,Sand & seagrass,Flats
24.40882,-77.74168,1.5,Sand & seagrass,Channel
24.40727,-77.74744,1.8,Sand & seagrass,Flats
24.40511,-77.7481,13,Sand & seagrass,Flats
24.40769,-77.74472,0.2,Sand & seagrass,Flats
24.40882,-77.74168,1.7,Sand & seagrass,Flats
24.40727,-77.74744,1.5,Sand & seagrass,Channel
24.40769,-77.74472,0.2,Sand & seagrass,Flats
24.40511,-77.7481,1,Sand & seagrass,Flats
24.40882,-77.74168,1.6,Sand & seagrass,Channel
24.41538,-77.78814,4.6,Silt,Flats
24.41371,-77.79118,4.9,Silt,Flats
24.41247,-77.79342,5.8,Silt,Flats
24.41081,-77.79616,4.5,Silt,Flats
24.40973,-77.79861,4.7,Silt,Flats
24.40849,-77.80079,2.3,Silt,Flats
24.41538,-77.78814,4.8,Silt,Flats
24.41371,-77.79118,5.3,Silt,Flats
24.41247,-77.79342,5.5,Silt,Flats
24.41081,-77.79616,5.2,Silt,Channel
24.40973,-77.79861,4.9,Silt,Flats
24.40849,-77.80079,2,Silt,Channel
24.41538,-77.78814,5.2,Silt,Flats
24.41371,-77.79118,5.8,Silt,Flats
24.41247,-77.79342,4.7,Silt,Channel
24.41081,-77.79616,5.2,Silt,Flats
24.40973,-77.79861,3,Silt,Flats
24.40849,-77.80079,2,Silt,Flats
24.41538,-77.78814,4.9,Silt,Channel
24.41371,-77.79118,5,Silt,Flats
24.41247,-77.79342,4.7,Silt,Flats
24.48464,-77.72151,1.6,Sand & seagrass,Flats
24.48306,-77.72273,1.8,Sand & seagrass,Flats
24.48182,-77.72454,1.3,Sand & seagrass,Flats
24.48087,-77.72562,2.2,Sand & seagrass,Flats
24.47983,-77.72736,1.6,Sand & seagrass,Flats
24.48464,-77.72151,1.7,Sand & seagrass,Flats
24.48306,-77.72273,1.7,Sand & seagrass,Flats
24.48182,-77.72454,1.5,Sand & seagrass,Flats
24.48087,-77.72562,1.7,Sand & seagrass,Flats
24.47983,-77.72736,1.8,Sand & seagrass,Flats
24.53158,-77.6957,2.5,Sand,Back reef
24.53436,-77.69476,2.3,Sand,Back reef
24.53766,-77.69399,2.6,Sand,Back reef
24.54011,-77.69266,2.7,Sand,Back reef
24.54313,-77.69164,2.6,Sand,Back reef
24.54559,-77.69151,2.7,Sand & seagrass,Back reef
24.53158,-77.6957,2.6,Sand,Back reef
24.53436,-77.69476,2.4,Sand,Back reef
24.53766,-77.69399,2.7,Sand,Back reef
24.54011,-77.69266,2.8,Sand,Back reef
24.54313,-77.69164,2.8,Sand,Back reef
24.54559,-77.69151,2.6,Sand & seagrass,Back reef
24.53158,-77.6957,2.4,Sand,Back reef
24.53436,-77.69476,2.6,Sand,Back reef
24.53766,-77.69399,2.7,Sand,Back reef
24.54011,-77.69266,3,Sand,Back reef
24.54313,-77.69164,3.2,Sand,Back reef
24.54559,-77.69151,2.7,Sand & seagrass,Back reef
24.54883,-77.63503,1100,Pelagic,Pelagic
24.54883,-77.63503,1100,Pelagic,Pelagic
24.54883,-77.63503,1100,Pelagic,Pelagic
24.54883,-77.63503,1100,Pelagic,Pelagic
24.58598,-77.69329,2.9,Sand & seagrass,Back reef
24.58334,-77.69523,2.7,Sand & seagrass,Back reef
24.58052,-77.69244,2.6,Sand & seagrass,Back reef
24.57803,-77.69215,3.7,Sand & seagrass,Back reef
24.57516,-77.69426,2.8,Sand,Back reef
24.58598,-77.69329,2.9,Sand,Back reef
24.58334,-77.69523,2.7,Sand & seagrass,Back reef
24.58052,-77.69244,2.4,Sand & seagrass,Back reef
24.57803,-77.69215,3.7,Sand & seagrass,Back reef
24.57516,-77.69426,2.7,Sand,Back reef
24.58598,-77.69329,2.6,Sand & seagrass,Back reef
24.58334,-77.69523,2.3,Sand & seagrass,Back reef
24.58052,-77.69244,2.3,Sand & seagrass,Back reef
24.57803,-77.69215,3.5,Sand & seagrass,Back reef
24.57516,-77.69426,2.6,Sand,Back reef
24.58598,-77.69329,3.5,Sand,Back reef
24.58334,-77.69523,2.4,Sand & seagrass,Back reef
24.58052,-77.69244,2.5,Sand & seagrass,Back reef
24.57803,-77.69215,3.8,Sand & seagrass,Back reef
24.57516,-77.69426,2.7,Sand,Back reef
24.43652,-77.6961,11.9,Patch reef,Fore reef
24.43461,-77.69507,15.2,Patch reef,Fore reef
24.43187,-77.69415,14.8,Patch reef,Fore reef
24.43038,-77.69389,12.4,Patch reef,Fore reef
24.42913,-77.69454,10.3,Patch reef,Fore reef
24.43652,-77.6961,12.9,Patch reef,Fore reef
24.43461,-77.69507,15.1,Patch reef,Fore reef
24.43187,-77.69415,14.4,Patch reef,Fore reef
24.43038,-77.69389,13,Patch reef,Fore reef
24.42913,-77.69454,10.2,Patch reef,Fore reef
24.43652,-77.6961,14.2,Patch reef,Fore reef
24.43461,-77.69507,15.8,Patch reef,Fore reef
24.43187,-77.69415,14.4,Patch reef,Fore reef
24.43038,-77.69389,13,Patch reef,Fore reef
24.42913,-77.69454,10,Patch reef,Fore reef
24.43652,-77.6961,13.4,Patch reef,Fore reef
24.43461,-77.69507,15.5,Patch reef,Fore reef
24.43187,-77.69415,15.8,Patch reef,Fore reef
24.43038,-77.69389,14.8,Patch reef,Fore reef
24.49312,-77.69807,16.5,Reef,Fore reef
24.49446,-77.69758,16.2,Reef,Fore reef
24.49638,-77.69757,16.2,Reef,Fore reef
24.4978,-77.69717,16.8,Reef,Fore reef
24.49939,-77.69817,7.3,Reef,Fore reef
24.49312,-77.69807,17.4,Reef,Fore reef
24.49446,-77.69758,19.8,Reef,Fore reef
24.49638,-77.69757,18.3,Reef,Fore reef
24.4978,-77.69717,17.3,Reef,Fore reef
24.49939,-77.69817,7.3,Reef,Fore reef
24.49312,-77.69807,19.5,Reef,Fore reef
24.49446,-77.69758,18.9,Reef,Fore reef
24.49638,-77.69757,20.4,Reef,Fore reef
24.54883,-77.63503,1100,Pelagic,Pelagic
24.54883,-77.63503,1100,Pelagic,Pelagic
24.54883,-77.63503,1100,Pelagic,Pelagic
24.49825,-77.70291,3,Seagrass,Back reef
24.54765,-77.68707,4,Patch reef,Back reef
24.54137,-77.68983,2.5,Patch reef,Back reef
24.54765,-77.68707,2.5,Patch reef,Back reef
24.5456,-77.68846,3,Patch reef,Back reef
24.54437,-77.68923,2.5,Patch reef,Back reef
24.54883,-77.63503,1100,Pelagic,Pelagic
24.54883,-77.63503,1100,Pelagic,Pelagic
24.54883,-77.63503,1100,Pelagic,Pelagic
24.42586,-77.77375,3.2,Silt,Flats
24.42613,-77.77651,2.5,Silt,Flats
24.42604,-77.77074,2.9,Silt,Flats
24.4251,-77.77424,2.9,Silt,Flats
24.42586,-77.77375,4.3,Silt,Flats
24.42613,-77.77654,2.7,Silt,Channel
24.4251,-77.77424,3.4,Silt,Flats
24.42604,-77.77074,3.3,Silt,Channel
24.44995,-77.75291,1.9,Sand,Flats
24.44719,-77.75375,2.5,Sand,Flats
24.44402,-77.75644,2.7,Sand,Flats
24.4413,-77.75998,2.5,Sand,Flats
24.43828,-77.78157,2.2,Sand,Flats
24.44995,-77.75291,1.7,Sand,Flats
24.44719,-77.75375,2.2,Sand,Flats
24.44402,-77.75644,2.3,Sand,Flats
24.4413,-77.75998,2.3,Sand,Flats
24.43828,-77.78157,2,Sand,Flats
24.44995,-77.75291,1.6,Sand,Flats
24.44719,-77.75375,2.6,Sand,Flats
24.44402,-77.75644,2.4,Sand,Flats
24.4413,-77.75998,2.1,Sand,Flats
24.4372,-77.72587,2.6,Sand & seagrass,Flats
24.43721,-77.72334,2.6,Sand,Flats
24.43644,-77.72048,2.6,Sand,Flats
24.43658,-77.71799,2.4,Sand,Flats
24.43707,-77.71519,2.5,Sand & coral,Flats
24.4372,-77.72587,2.5,Sand,Flats
24.43721,-77.72334,2.6,Sand,Flats
24.43644,-77.72048,2.6,Sand,Flats
24.43658,-77.71799,2.5,Sand,Flats
24.43707,-77.71519,2.3,Sand & coral,Flats
24.4372,-77.72587,2.6,Sand,Flats
24.43721,-77.72334,3,Sand,Flats
24.43644,-77.72048,2.9,Sand,Flats
24.43658,-77.71799,2.9,Sand,Flats
24.43707,-77.71519,2.8,Sand & coral,Flats
24.54883,-77.63503,1100,Pelagic,Pelagic
24.54883,-77.63503,1100,Pelagic,Pelagic
24.54883,-77.63503,1100,Pelagic,Pelagic
24.52777,-77.69699,2.5,Sand,Back reef
24.53046,-77.69562,2.4,Sand,Back reef
24.53357,-77.69505,2.3,Sand,Back reef
24.53606,-77.69399,2.7,Sand,Back reef
24.53897,-77.6927,2.7,Sand,Back reef
24.53046,-77.69562,2.3,Patch reef,Back reef
24.53357,-77.69505,2.7,Sand,Back reef
24.53606,-77.69399,2.7,Sand,Back reef
24.53897,-77.6927,3,Sand,Back reef
24.52777,-77.69699,2.7,Patch reef,Back reef
24.53046,-77.69562,2.7,Sand,Back reef
24.53357,-77.69505,2.7,Sand,Back reef
24.53606,-77.69399,3,Sand,Back reef
24.53897,-77.6927,3,Sand,Back reef
24.52777,-77.69699,3.3,Sand,Back reef
24.54883,-77.63503,1100,Pelagic,Pelagic
24.54883,-77.63503,1100,Pelagic,Pelagic
24.54883,-77.63503,1100,Pelagic,Pelagic
24.54883,-77.63503,1100,Pelagic,Pelagic
24.58521,-77.69386,2.9,Sand,Back reef
24.57975,-77.69559,3.6,Sand,Back reef
24.57802,-77.69701,2.7,Patch reef,Back reef
24.57581,-77.69846,3.3,Sand,Back reef
24.57355,-77.69958,3.1,Patch reef,Back reef
24.58521,-77.69386,2.5,Sand,Back reef
24.57975,-77.69559,3.4,Sand,Back reef
24.57802,-77.69701,2.7,Sand,Back reef
24.57581,-77.69846,3.2,Sand,Back reef
24.57358,-77.69958,2.9,Sand,Back reef
24.585215,-77.69386,2.5,Patch reef,Back reef
24.57975,-77.69559,3.4,Sand,Back reef
24.57802,-77.69701,2.7,Sand,Back reef
24.57581,-77.69846,3.1,Sand,Back reef
24.57355,-77.69958,3,Patch reef,Back reef
24.58521,-77.69386,3.1,Sand,Back reef
24.57975,-77.69559,3.5,Sand,Back reef
24.57802,-77.69701,2.9,Sand,Back reef
24.57581,-77.69846,3.1,Sand,Back reef
24.57358,-77.69958,3,Sand,Back reef
24.43039,-77.71516,3.4,Patch reef,Back reef
24.43263,-77.71413,3.3,Patch reef,Back reef
24.43492,-77.71406,2,Patch reef,Back reef
24.43701,-77.71474,2.4,Patch reef,Back reef
24.43915,-77.71355,3.7,Patch reef,Back reef
24.43039,-77.71516,3.4,Patch reef,Back reef
24.43263,-77.71413,2.9,Patch reef,Back reef
24.43263,-77.71413,3,Patch reef,Back reef
24.43492,-77.71406,2,Patch reef,Back reef
24.43701,-77.71474,2.6,Patch reef,Back reef
24.43915,-77.71355,3.2,Patch reef,Back reef
24.43263,-77.71413,2.9,Patch reef,Back reef
24.43492,-77.71406,1.8,Patch reef,Back reef
24.43701,-77.71474,2.1,Patch reef,Back reef
24.45608,-77.73463,1.6,Sand & Rock,Flats
24.45371,-77.73323,1.7,Sand & Rock,Flats
24.45197,-77.73195,1.8,Sand & Rock,Flats
24.44987,-77.73096,2.1,Sand & Rock,Flats
24.44819,-77.72935,2.2,Sand & Rock,Flats
24.45608,-77.73463,1.7,Sand & Rock,Flats
24.45371,-77.73323,2,Sand & Rock,Flats
24.45197,-77.73195,1.9,Sand & Rock,Flats
24.44987,-77.73096,2.1,Sand & Rock,Flats
24.44819,-77.72935,2.3,Sand & Rock,Flats
24.45608,-77.73463,2,Sand & Rock,Flats
24.45371,-77.73323,2.1,Sand & Rock,Flats
24.45197,-77.73195,2.1,Sand & Rock,Flats
24.44987,-77.73096,2.3,Sand & Rock,Flats
24.44819,-77.72935,2.4,Sand & Rock,Flats
24.45608,-77.73463,1.8,Sand & Rock,Flats
24.45371,-77.73323,2.2,Sand & Rock,Flats
24.45608,-77.73463,2,Sand & Rock,Flats
24.44819,-77.72935,2.6,Sand & Rock,Flats
24.44987,-77.73096,2.3,Sand & Rock,Flats
24.45608,-77.73463,1.7,Sand & Rock,Flats
24.45371,-77.73323,2.2,Sand & Rock,Flats
24.45197,-77.73195,2,Sand & Rock,Flats
24.44013,-77.69554,15.6,Reef,Fore reef
24.44324,-77.6956,12.1,Reef,Fore reef
24.44707,-77.69515,17.2,Reef,Fore reef
24.45022,-77.69508,19.5,Reef,Fore reef
24.45329,-77.69505,18.6,Reef,Fore reef
24.44013,-77.69554,16.4,Reef,Fore reef
24.44324,-77.6956,12.4,Reef,Fore reef
24.44707,-77.69515,17,Patch reef,Fore reef
24.45022,-77.69508,20.7,Reef,Fore reef
24.45329,-77.69505,19.2,Patch reef,Fore reef
24.44013,-77.69554,17,Reef,Fore reef
24.44324,-77.6956,13,Patch reef,Fore reef
24.44707,-77.69515,18.4,Reef,Fore reef
24.45022,-77.69508,20.4,Reef,Fore reef
24.45329,-77.69505,19.5,Patch reef,Fore reef
24.44013,-77.69554,20.6,Reef,Fore reef
24.44324,-77.6956,15.2,Reef,Fore reef
24.44707,-77.69515,19.3,Reef,Fore reef
24.45022,-77.69508,20.2,Reef,Fore reef
24.45329,-77.69505,18.9,Reef,Fore reef
24.53255,-77.69442,2.8,Sand,Back reef
24.5355,-77.69442,3.5,Sand,Back reef
24.53856,-77.69344,3.5,Sand,Back reef
24.34059,-77.66905,5.3,Reef,Back reef
24.33794,-77.67108,4,Patch reef,Back reef
24.33042,-77.66947,4.8,Reef,Back reef
24.33042,-77.66947,4.8,Reef,Back reef
24.34059,-77.66905,5.3,Reef,Back reef
24.34087,-77.66943,3.2,Reef,Back reef
24.33042,-77.66947,4.8,Reef,Back reef
24.34059,-77.66905,5.3,Reef,Back reef
24.34087,-77.66943,3,Patch reef,Back reef
24.34059,-77.66905,5.3,Reef,Back reef
24.33842,-77.66905,5,Patch reef,Back reef
24.42645,-77.76377,6,Seagrass & Silt,Blue Hole
24.45912,-77.7348,0.4,Sand & mud,Flats
24.45912,-77.7348,0.7,Sand & mud,Flats
24.687,-77.7554,0.3,Sand,Flats
24.687,-77.7554,0.3,Sand,Flats
24.68644,-77.75537,0.5,Sand,Flats
24.45405,-77.72928,2.2,Sand & seagrass,Flats
24.45478,-77.72537,2.2,Sand,Flats
24.45457,-77.7207,1.7,Sand,Flats
24.45567,-77.71513,3,Sand,Flats
24.45697,-77.7098,3.2,Sand,Flats
24.45405,-77.72928,2.1,Sand & seagrass,Flats
24.45478,-77.72537,2.4,Sand,Flats
24.45457,-77.7207,2.3,Sand,Flats
24.45567,-77.71513,3.2,Sand,Flats
24.45697,-77.7098,3.2,Sand,Flats
24.45405,-77.72928,2.2,Sand & seagrass,Flats
24.45478,-77.72537,2.4,Sand,Flats
24.45457,-77.7207,2.4,Sand,Flats
24.45567,-77.71513,3.2,Sand,Flats
24.45697,-77.7098,3.7,Sand,Channel
24.45405,-77.72928,2.2,Sand & seagrass,Flats
24.45478,-77.72537,2.6,Sand,Flats
24.45457,-77.7207,2.5,Sand,Flats
24.45567,-77.71513,2.8,Sand,Channel
24.45697,-77.7098,3.9,Sand,Flats
24.5831,-77.6954,2.7,Sand,Back reef
24.58632,-77.69672,3.3,Sand,Back reef
24.58965,-77.69703,3,Sand,Back reef
24.59305,-77.69748,2.8,Sand,Back reef
24.59558,-77.69953,2.9,Sand,Back reef
24.58297,-77.69582,2.7,Patch reef,Back reef
24.58555,-77.69707,3.2,Sand,Back reef
24.59308,-77.69737,2.7,Sand,Back reef
24.59308,-77.69737,3,Sand,Back reef
24.59558,-77.69953,2.7,Sand,Back reef
24.58297,-77.69582,2.1,Patch reef,Back reef
24.58555,-77.69707,2.6,Patch reef,Back reef
24.59308,-77.69737,2.3,Sand,Back reef
24.59308,-77.69737,2,Patch reef,Back reef
24.59558,-77.69953,2.3,Sand,Back reef
24.58297,-77.69582,1.6,Patch reef,Back reef
24.58555,-77.69707,2.3,Sand,Back reef
24.59308,-77.69737,2.2,Sand,Back reef
24.59308,-77.69737,1.9,Sand,Back reef
24.59558,-77.69953,2,Sand,Back reef
24.58297,-77.69582,1.7,Patch reef,Back reef
24.58555,-77.69707,2.2,Sand,Back reef
24.59308,-77.69737,2.2,Sand,Back reef
24.59308,-77.69737,2,Sand,Back reef
24.59558,-77.69953,1.8,Sand,Back reef
24.54883,-77.63503,1100,Pelagic,Pelagic
24.54883,-77.63503,1100,Pelagic,Pelagic
24.54883,-77.63503,1100,Pelagic,Pelagic
24.49815,-77.70462,2.7,Patch reef,Back reef
24.4958,-77.7034,3.2,Sand & coral,Back reef
24.49317,-77.70267,2.9,Sand & coral,Back reef
24.48972,-77.70265,2.6,Sand & coral,Back reef
24.48705,-77.70243,2.4,Sand & coral,Back reef
24.4958,-77.7034,3,Patch reef,Back reef
24.4958,-77.7034,2.5,Patch reef,Back reef
24.49815,-77.70462,2.3,Sand & coral,Back reef
24.49317,-77.70267,2.8,Sand & coral,Back reef
24.48972,-77.70265,2.1,Sand & coral,Back reef
24.48705,-77.70243,2.1,Patch reef,Back reef
24.4958,-77.7034,2.6,Patch reef,Back reef
24.49815,-77.70462,2.4,Sand & coral,Back reef
24.49317,-77.70267,2.8,Sand & coral,Back reef
24.48972,-77.70265,1.5,Sand & coral,Back reef
24.48705,-77.70243,2.2,Patch reef,Back reef
24.43545,-77.69933,6.6,Sand & coral,Fore reef
24.43677,-77.70105,5.5,Sand & coral,Fore reef
24.43545,-77.69933,6.6,Sand & coral,Back reef
24.43677,-77.70105,5.6,Sand & coral,Back reef
24.43545,-77.69933,7,Sand & coral,Fore reef
24.43677,-77.70105,5.3,Sand & coral,Back reef
24.43677,-77.70105,5.5,Sand & coral,Fore reef
24.43545,-77.69933,6.2,Sand & coral,Fore reef
24.43383,-77.69652,12,Sand & coral,Fore reef
24.43677,-77.70105,5.3,Sand & coral,Fore reef
24.43545,-77.69933,6.2,Sand & coral,Fore reef
24.43085,-77.6966,8,Sand & coral,Fore reef
24.42892,-77.69518,10,Sand & coral,Fore reef
24.43677,-77.70105,5.3,Sand & coral,Fore reef
24.43545,-77.69933,6.6,Sand & coral,Fore reef
24.43383,-77.69652,10.3,Sand & coral,Fore reef
24.43085,-77.6966,10,Sand & coral,Fore reef
24.42892,-77.69518,9.5,Sand & coral,Fore reef
24.43383,-77.69652,10.3,Sand & coral,Fore reef
24.43677,-77.70105,5.3,Sand & coral,Fore reef
24.43545,-77.69933,6.6,Sand & coral,Fore reef
24.43085,-77.6966,10,Sand & coral,Fore reef
24.42892,-77.69518,8.7,Sand & coral,Fore reef
24.43677,-77.70105,4.6,Sand & coral,Fore reef
24.43545,-77.69933,6.2,Sand & coral,Fore reef
24.43383,-77.69652,10.7,Sand & coral,Fore reef
24.43085,-77.6966,7.3,Sand & coral,Fore reef
24.42892,-77.69518,9,Sand & coral,Fore reef
24.43545,-77.69933,6,Sand & coral,Fore reef
24.43383,-77.69652,12.3,Sand & coral,Fore reef
24.43085,-77.6966,6.5,Sand & coral,Fore reef
24.42892,-77.69518,9.2,Sand & coral,Fore reef
24.43677,-77.70105,4.4,Sand & coral,Fore reef
24.54883,-77.63503,1100,Pelagic,Pelagic
24.54883,-77.63503,1100,Pelagic,Pelagic
24.54883,-77.63503,1100,Pelagic,Pelagic
24.54883,-77.63503,1100,Pelagic,Pelagic
24.54883,-77.63503,1100,Pelagic,Pelagic
24.54883,-77.63503,1100,Pelagic,Pelagic
24.58679,-77.69538,3,Sand,Back reef
24.58406,-77.69596,2.5,Sand,Back reef
24.58143,-77.69588,3,Sand,Back reef
24.57916,-77.6954,3.3,Sand,Back reef
24.57686,-77.69546,3,Sand,Back reef
24.58679,-77.69538,3,Sand,Back reef
24.58406,-77.69596,2.5,Sand,Back reef
24.58143,-77.69588,3,Sand,Back reef
24.57916,-77.69563,3.5,Sand,Back reef
24.57686,-77.69546,3,Sand,Back reef
24.58679,-77.69538,3,Sand,Back reef
24.58406,-77.69596,2.5,Sand,Back reef
24.58143,-77.69588,3,Sand,Back reef
24.57916,-77.69563,3.5,Sand,Back reef
24.57686,-77.69546,3,Sand,Back reef
24.58679,-77.69538,3,Sand,Back reef
24.58406,-77.69596,2.5,Sand,Back reef
24.58143,-77.69588,3,Sand,Back reef
24.57686,-77.69546,3,Sand,Back reef
24.57916,-77.69563,3.8,Sand,Back reef
24.58406,-77.69596,2.5,Sand,Back reef
24.58143,-77.69588,3,Sand,Back reef
24.57916,-77.69563,3.5,Sand,Back reef
24.57686,-77.69546,3,Sand,Back reef
24.58671,-77.69525,3.8,Sand,Back reef
24.58406,-77.69596,2.5,Sand,Back reef
24.58143,-77.69588,3,Sand,Back reef
24.57916,-77.69563,3.5,Sand,Back reef
24.5772,-77.69518,3.3,Sand,Back reef
24.58679,-77.69538,3,Sand,Back reef
24.58406,-77.69596,2.5,Sand,Back reef
24.58096,-77.68985,3.3,Sand,Back reef
24.57916,-77.69563,3.5,Sand,Back reef
24.57686,-77.69546,3,Sand,Back reef
24.58679,-77.69538,3,Sand,Back reef
24.58406,-77.69596,3.3,Sand,Back reef
24.57916,-77.69563,3,Sand,Back reef
24.57686,-77.69546,3,Sand,Back reef
24.58671,-77.69534,4,Sand,Back reef
24.58406,-77.69596,2.5,Sand,Back reef
24.57916,-77.69563,3.5,Sand,Back reef
24.57686,-77.69546,3.5,Sand,Back reef
24.54883,-77.63503,1100,Pelagic,Pelagic
24.54883,-77.63503,1100,Pelagic,Pelagic
24.54883,-77.63503,1100,Pelagic,Pelagic
24.43528,-77.70333,3,Sand,Back reef
24.43606,-77.70509,3.2,Sand,Back reef
24.43711,-77.70634,3.4,Sand,Back reef
24.43913,-77.70684,3.4,Sand,Back reef
24.44124,-77.70734,2,Sand,Back reef
24.43606,-77.70509,3.2,Sand,Back reef
24.44124,-77.70734,3,Sand,Back reef
24.43528,-77.70333,3.3,Sand,Back reef
24.43606,-77.70509,3.6,Sand,Back reef
24.43711,-77.70634,4,Sand,Back reef
24.43913,-77.70684,4,Sand,Back reef
24.44124,-77.70734,2.25609756097561,Sand,Back reef
24.43606,-77.70509,3.32317073170732,Sand,Back reef
24.43528,-77.70333,3.35365853658537,Sand,Back reef
24.43711,-77.70634,4.05487804878049,Sand,Back reef
24.44124,-77.70734,2.25609756097561,Sand,Back reef
24.43913,-77.70684,3.6,Sand,Back reef
24.43528,-77.70333,3.04878048780488,Sand,Back reef
24.43606,-77.70509,3.35365853658537,Sand,Back reef
24.43711,-77.70634,2.5,Sand,Back reef
24.44124,-77.70734,2,Sand,Back reef
24.54883,-77.63503,1100,Pelagic,Pelagic
24.54883,-77.63503,1100,Pelagic,Pelagic
24.54883,-77.63503,1100,Pelagic,Pelagic
24.4957,-77.71079,3.63636363636364,Sand & seagrass,Flats
24.49323,-77.71133,3.81818181818182,Sand & seagrass,Flats
24.495796,-77.71037,3.75757575757576,Sand & seagrass,Flats
24.5007,-77.7098,4,Sand & seagrass,Back reef
24.50261,-77.70919,3.48484848484848,Sand & seagrass,Flats
24.49323,-77.71133,3.21212121212121,Sand & seagrass,Flats
24.4957,-77.71079,3.63636363636364,Sand & seagrass,Flats
24.495796,-77.71037,3.33333333333333,Sand & seagrass,Flats
24.5007,-77.7098,3.39393939393939,Sand & seagrass,Flats
24.50261,-77.70919,3.39393939393939,Sand & seagrass,Flats
24.54883,-77.63503,1100,Pelagic,Pelagic
24.54883,-77.63503,1100,Pelagic,Pelagic
24.52102,-77.69976,3.03030303030303,Sand & seagrass,Back reef
24.52296,-77.69964,2.48484848484848,Sand & seagrass,Back reef
24.52504,-77.6995,2.87878787878788,Sand & seagrass,Back reef
24.52726,-77.69753,3.09090909090909,Sand & seagrass,Back reef
24.52662,-77.69965,2.96969696969697,Sand & seagrass,Back reef
24.52102,-77.69976,2.57575757575758,Sand & seagrass,Back reef
24.52296,-77.69964,2.87878787878788,Sand & seagrass,Back reef
24.52504,-77.6995,3.2,Sand & seagrass,Back reef
24.52726,-77.69753,3.03030303030303,Sand & seagrass,Back reef
24.52662,-77.69965,3.03030303030303,Sand & seagrass,Back reef
24.52102,-77.69976,3.03030303030303,Sand & seagrass,Back reef
24.52296,-77.69964,2.48484848484848,Sand & seagrass,Back reef
24.52504,-77.6995,2.87878787878788,Sand & seagrass,Back reef
24.52726,-77.69753,3.3,Sand & seagrass,Back reef
24.52662,-77.69965,2.96969696969697,Sand & seagrass,Back reef
24.52102,-77.69976,3.03030303030303,Sand & seagrass,Back reef
24.52296,-77.69964,2.48484848484848,Sand & seagrass,Back reef
24.52504,-77.6995,2.87878787878788,Sand & seagrass,Back reef
24.52726,-77.69753,3.09090909090909,Sand & seagrass,Back reef
24.52662,-77.69965,2.96969696969697,Sand & seagrass,Back reef
24.64498,-77.6974,4.39393939393939,Sand & coral,Back reef
24.64376,-77.69742,5,Sand & coral,Back reef
24.64262,-77.6975,5.24242424242424,Sand & coral,Back reef
24.64087,-77.69674,5.09090909090909,Sand & coral,Back reef
24.64498,-77.6974,4.39393939393939,Sand & coral,Back reef
24.64376,-77.69742,5,Sand & coral,Back reef
24.64262,-77.6975,5.24242424242424,Sand & coral,Back reef
24.64087,-77.69674,5.09090909090909,Sand & coral,Back reef
24.6453,-77.69791,4.23423423423423,Patch reef,Back reef
24.64728,-77.69752,5.16516516516517,Patch reef,Back reef
24.64262,-77.6975,5.24242424242424,Sand & coral,Back reef
24.64376,-77.69742,5,Sand & coral,Back reef
24.64498,-77.6974,4.39393939393939,Sand & coral,Back reef
24.64376,-77.69742,5,Sand & coral,Back reef
24.64262,-77.6975,5.24242424242424,Sand & coral,Back reef
24.64087,-77.69674,5.09090909090909,Sand & coral,Back reef
24.64106,-77.69701,5.28528528528529,Patch reef,Back reef
24.6453,-77.69791,4.47447447447447,Patch reef,Back reef
24.64304,-77.69745,5.22522522522522,Patch reef,Back reef
24.64728,-77.69752,5.31531531531532,Patch reef,Back reef
24.64087,-77.69674,5.09090909090909,Sand & coral,Back reef
24.64498,-77.6974,4.39393939393939,Sand & coral,Back reef
24.64304,-77.69745,5.28528528528529,Patch reef,Back reef
24.64262,-77.6975,5.24242424242424,Sand & coral,Back reef
24.64087,-77.69674,5,Sand & coral,Back reef
24.5829,-77.69561,3.09090909090909,Sand & seagrass,Back reef
24.58121,-77.69516,3.45454545454545,Sand & seagrass,Back reef
24.57953,-77.6943,3.24242424242424,Sand & seagrass,Back reef
24.57811,-77.69345,2.84848484848485,Sand & seagrass,Back reef
24.57619,-77.69376,3.45454545454545,Sand & seagrass,Back reef
24.57403,-77.69344,3.33333333333333,Sand & seagrass,Back reef
24.57619,-77.69376,3,Sand & seagrass,Back reef
24.5829,-77.69561,2.8,Sand & seagrass,Back reef
24.58121,-77.69516,3.45454545454545,Sand & seagrass,Back reef
24.57953,-77.6943,3.24242424242424,Sand & seagrass,Back reef
24.57811,-77.69345,2.84848484848485,Sand & seagrass,Back reef
24.57403,-77.69344,3.33333333333333,Sand & seagrass,Back reef
24.5829,-77.69561,3.09090909090909,Sand & seagrass,Back reef
24.58121,-77.69516,3.45454545454545,Sand & seagrass,Back reef
24.57953,-77.6943,3.24242424242424,Sand & seagrass,Back reef
24.57811,-77.69345,2.84848484848485,Sand & seagrass,Back reef
24.57403,-77.69344,3.33333333333333,Sand & seagrass,Back reef
24.57619,-77.69376,3.45454545454545,Sand & seagrass,Back reef
24.5829,-77.69561,3.09090909090909,Sand & seagrass,Back reef
24.58121,-77.69516,3.45454545454545,Sand & seagrass,Back reef
24.57953,-77.6943,3.24242424242424,Sand & seagrass,Back reef
24.57811,-77.69345,2.84848484848485,Sand & seagrass,Back reef
24.57619,-77.69376,3.45454545454545,Sand & seagrass,Back reef
24.57403,-77.69344,3.33333333333333,Sand & seagrass,Back reef
24.57619,-77.69376,3.45454545454545,Sand & seagrass,Back reef
24.5829,-77.69561,3.09090909090909,Sand & seagrass,Back reef
24.58121,-77.69516,3.45454545454545,Sand & seagrass,Back reef
24.57953,-77.6943,3.24242424242424,Sand & seagrass,Back reef
24.57811,-77.69345,2.84848484848485,Sand & seagrass,Back reef
24.57619,-77.69376,3.45454545454545,Sand & seagrass,Back reef
24.57403,-77.69344,3.33333333333333,Sand & seagrass,Back reef
24.5829,-77.69561,3.09090909090909,Sand & seagrass,Back reef
24.58121,-77.69516,3.45454545454545,Sand & seagrass,Back reef
24.57953,-77.6943,3.24242424242424,Sand & seagrass,Back reef
24.57811,-77.69345,2.84848484848485,Sand & seagrass,Back reef
24.57619,-77.69376,3.45454545454545,Sand & seagrass,Back reef
24.57403,-77.69344,3.33333333333333,Sand & seagrass,Back reef
24.5829,-77.69561,3.09090909090909,Sand & seagrass,Back reef
24.58121,-77.69516,3.45454545454545,Sand & seagrass,Back reef
24.57953,-77.6943,3.24242424242424,Sand & seagrass,Back reef
24.57811,-77.69345,2.84848484848485,Sand & seagrass,Back reef
24.57619,-77.69376,3.45454545454545,Sand & seagrass,Back reef
24.57403,-77.69344,3.33333333333333,Sand & seagrass,Back reef
24.5829,-77.69561,3.09090909090909,Sand & seagrass,Back reef
24.58121,-77.69516,3.45454545454545,Sand & seagrass,Back reef
24.57953,-77.6943,3.24242424242424,Sand & seagrass,Back reef
24.57811,-77.69345,2.84848484848485,Sand & seagrass,Back reef
24.57403,-77.69344,3.33333333333333,Sand & seagrass,Back reef
24.57619,-77.69376,2.8,Sand & seagrass,Back reef
24.58781,-77.69273,3.42424242424242,Sand & seagrass,Back reef
24.58852,-77.69302,3.15151515151515,Sand & seagrass,Back reef
24.5859,-77.69326,3.93939393939394,Sand & seagrass,Back reef
24.5822,-77.693,2.87878787878788,Sand & seagrass,Back reef
24.58027,-77.69247,3.03030303030303,Sand & seagrass,Back reef
24.57891,-77.69262,3.42424242424242,Sand & seagrass,Back reef
24.58781,-77.69273,3.42424242424242,Sand & seagrass,Back reef
24.58852,-77.69302,3.15151515151515,Sand & seagrass,Back reef
24.5859,-77.69326,3.93939393939394,Sand & seagrass,Back reef
24.5822,-77.693,2.87878787878788,Sand & seagrass,Back reef
24.58027,-77.69247,3.03030303030303,Sand & seagrass,Back reef
24.57891,-77.69262,3.42424242424242,Sand & seagrass,Back reef
24.5859,-77.69326,3.93939393939394,Sand & seagrass,Back reef
24.58731,-77.69271,3.42424242424242,Sand & seagrass,Back reef
24.58852,-77.69302,3.15151515151515,Sand & seagrass,Back reef
24.5822,-77.693,2.87878787878788,Sand & seagrass,Back reef
24.58027,-77.69247,3.03030303030303,Sand & seagrass,Back reef
24.57891,-77.69262,3.42424242424242,Sand & seagrass,Back reef
24.5822,-77.693,3,Sand & seagrass,Back reef
24.5859,-77.69326,3.93939393939394,Sand & seagrass,Back reef
24.58731,-77.69271,3.42424242424242,Sand & seagrass,Back reef
24.58852,-77.69302,3.15151515151515,Sand & seagrass,Back reef
24.58027,-77.69247,3.03030303030303,Sand & seagrass,Back reef
24.57891,-77.69262,3.42424242424242,Sand & seagrass,Back reef
24.58852,-77.69302,2.51515151515152,Sand & seagrass,Back reef
24.5859,-77.69326,3.93939393939394,Sand & seagrass,Back reef
24.58731,-77.69271,3.42424242424242,Sand & seagrass,Back reef
24.57891,-77.69262,2.72727272727273,Sand & seagrass,Back reef
24.58027,-77.69247,3.03030303030303,Sand & seagrass,Back reef
24.5822,-77.693,2.87878787878788,Sand & seagrass,Back reef
24.5859,-77.69326,3.93939393939394,Sand & seagrass,Back reef
24.58731,-77.69271,3.42424242424242,Sand & seagrass,Back reef
24.58852,-77.69302,3.15151515151515,Sand & seagrass,Back reef
24.5822,-77.693,2.87878787878788,Sand & seagrass,Back reef
24.58027,-77.69247,3.03030303030303,Sand & seagrass,Back reef
24.57891,-77.69262,3.42424242424242,Sand & seagrass,Back reef
24.5859,-77.69326,3.93939393939394,Sand & seagrass,Back reef
24.58731,-77.69271,3.42424242424242,Sand & seagrass,Back reef
24.58852,-77.69302,3.15151515151515,Sand & seagrass,Back reef
24.58027,-77.69247,2.33333333333333,Sand & seagrass,Back reef
24.5822,-77.693,2.87878787878788,Sand & seagrass,Back reef
24.57891,-77.69262,3.42424242424242,Sand & seagrass,Back reef
24.43078,-77.69807,7.46951219512195,Sand & coral,Fore reef
24.43981,-77.6977,7,Patch reef,Back reef
24.43398,-77.69894,6.18181818181818,Patch reef,Back reef
24.43289,-77.69916,6.12804878048781,Sand & coral,Fore reef
24.43158,-77.69804,7.13414634146341,Sand & coral,Fore reef
24.43078,-77.69807,7.46951219512195,Sand & coral,Fore reef
24.43981,-77.6977,7.04268292682927,Sand & coral,Fore reef
24.43894,-77.69689,8.38414634146342,Sand & coral,Fore reef
24.43398,-77.69894,6.21951219512195,Sand & coral,Fore reef
24.43289,-77.69916,6.12804878048781,Sand & coral,Fore reef
24.43158,-77.69804,7.13414634146341,Sand & coral,Fore reef
24.43078,-77.69807,6.3030303030303,Patch reef,Back reef
24.43981,-77.6977,7.21212121212121,Patch reef,Back reef
24.43894,-77.69689,8.38414634146342,Sand & coral,Fore reef
24.43398,-77.69894,7.51515151515152,Patch reef,Back reef
24.43289,-77.69916,6.12804878048781,Sand & coral,Fore reef
24.43158,-77.69804,7.13414634146341,Sand & coral,Fore reef
24.43078,-77.69807,7.46951219512195,Sand & coral,Fore reef
24.43981,-77.6977,7.04268292682927,Sand & coral,Fore reef
24.43894,-77.69689,8.38414634146342,Sand & coral,Fore reef
24.43894,-77.69689,8.27272727272727,Patch reef,Back reef
24.43398,-77.69894,6.21951219512195,Sand & coral,Fore reef
24.43289,-77.69916,6.12804878048781,Sand & coral,Fore reef
24.43158,-77.69804,7,Patch reef,Back reef
24.43078,-77.69807,7.46951219512195,Sand & coral,Fore reef
24.43981,-77.6977,7.04268292682927,Sand & coral,Fore reef
24.43894,-77.69689,8.38414634146342,Sand & coral,Fore reef
24.43398,-77.69894,7.15151515151515,Patch reef,Back reef
24.43289,-77.69916,6.12804878048781,Sand & coral,Fore reef
24.43158,-77.69804,7.13414634146341,Sand & coral,Fore reef
24.43078,-77.69807,7.46951219512195,Sand & coral,Fore reef
24.43981,-77.6977,7.04268292682927,Sand & coral,Fore reef
24.43894,-77.69689,8.38414634146342,Sand & coral,Fore reef
24.43289,-77.69916,6.15151515151515,Patch reef,Back reef
24.43398,-77.69894,7.24242424242424,Patch reef,Back reef
24.43289,-77.69916,6.12804878048781,Sand & coral,Fore reef
24.43158,-77.69804,7.13414634146341,Sand & coral,Fore reef
24.43078,-77.69807,7.46951219512195,Sand & coral,Fore reef
24.43981,-77.6977,7.04268292682927,Sand & coral,Fore reef
24.43894,-77.69689,8.38414634146342,Sand & coral,Fore reef
24.43398,-77.69894,7.12121212121212,Patch reef,Back reef
24.43289,-77.69916,8.27272727272727,Patch reef,Back reef
24.43158,-77.69804,7.13414634146341,Sand & coral,Fore reef
24.43078,-77.69807,7.46951219512195,Sand & coral,Fore reef
24.43981,-77.6977,7.04268292682927,Sand & coral,Fore reef
24.43894,-77.69689,8.38414634146342,Sand & coral,Fore reef
24.43398,-77.69894,6.21951219512195,Sand & coral,Fore reef
24.43398,-77.69894,6.21951219512195,Sand & coral,Fore reef
24.54883,-77.63503,1100,Pelagic,Pelagic
24.54883,-77.63503,1100,Pelagic,Pelagic
24.426688,-77.763083,7,Seagrass & Silt,Blue Hole
24.4269,-77.7627,3,Seagrass & Silt,Blue Hole
24.4269,-77.7626,3,Seagrass & Silt,Blue Hole
24.4275,-77.7626,3,Seagrass & Silt,Blue Hole
24.4269,-77.7626,3,Seagrass & Silt,Blue Hole
24.4269,-77.7626,3,Seagrass & Silt,Blue Hole
24.4275,-77.7626,3,Seagrass & Silt,Blue Hole
24.4269,-77.7626,3,Seagrass & Silt,Blue Hole
24.4275,-77.7626,3,Seagrass & Silt,Blue Hole
24.4269,-77.7626,3,Seagrass & Silt,Blue Hole
24.4269,-77.7626,3,Seagrass & Silt,Blue Hole
24.4275,-77.7626,3,Seagrass & Silt,Blue Hole
24.54883,-77.63503,1100,Pelagic,Pelagic
24.54883,-77.63503,1100,Pelagic,Pelagic
24.54883,-77.63503,1100,Pelagic,Pelagic
24.54883,-77.63503,1100,Pelagic,Pelagic
24.42915,-77.712453,4,Sand & seagrass,Back reef
24.440594,-77.695842,10,Reef,Fore reef
24.429182,-77.710498,3,Sand & seagrass,Back reef
24.498117,-77.69945,4,Sand & seagrass,Fore reef
24.588417,-77.690165,3,Sand & seagrass,Back reef
24.587933,-77.691533,3,Sand & seagrass,Back reef
24.587933,-77.691533,3,Sand & seagrass,Back reef
24.588417,-77.690165,3,Sand & seagrass,Back reef
24.54883,-77.63503,1100,Pelagic,Pelagic
24.54883,-77.63503,1100,Pelagic,Pelagic
24.58026,-77.69461,3.23091928797854,Sand & seagrass,Back reef
24.58181,-77.69445,3.0480370641307,Sand & seagrass,Back reef
24.5845,-77.69485,3.29188002926116,Sand & seagrass,Back reef
24.58597,-77.69412,3.29188002926116,Sand & seagrass,Back reef
24.58026,-77.69461,3.29188002926116,Sand & seagrass,Back reef
24.58181,-77.69445,3.29188002926116,Sand & seagrass,Back reef
24.5845,-77.69485,3.38332114118508,Sand & seagrass,Back reef
24.58597,-77.69461,3.38332114118508,Sand & seagrass,Back reef
24.58026,-77.69485,3.29188002926116,Sand & seagrass,Back reef
24.58181,-77.69445,3.29188002926116,Sand & seagrass,Back reef
24.5845,-77.69485,3.38332114118508,Sand & seagrass,Back reef
24.58597,-77.69461,3.13947817605462,Sand & seagrass,Back reef
24.58026,-77.69485,3.35284077054377,Sand & seagrass,Back reef
24.58181,-77.69445,3.13947817605462,Sand & seagrass,Back reef
24.5845,-77.69485,3.26139965861985,Sand & seagrass,Back reef
24.5853,-77.69438,3.41380151182638,Sand & seagrass,Back reef
24.57896,-77.6946,3.29188002926116,Sand & seagrass,Back reef
24.58131,-77.69448,3.5,Sand & seagrass,Back reef
24.5845,-77.69485,3.26139965861985,Sand & seagrass,Back reef
24.5853,-77.69438,3.20043891733723,Sand & seagrass,Back reef
24.57911,-77.69473,3.0480370641307,Sand & seagrass,Back reef
24.58516,-77.69449,3.5,Sand & seagrass,Back reef
24.58425,-77.69487,2.98707632284809,Sand & seagrass,Back reef
24.57853,-77.69482,3,Sand & seagrass,Back reef
24.58203,-77.69436,2.86515484028286,Sand & seagrass,Back reef
24.5853,-77.69487,2.52987076322848,Sand & seagrass,Back reef
24.58425,-77.69487,2.83467446964155,Sand & seagrass,Back reef
24.42619,-77.76279,3.01755669348939,Seagrass & Silt,Blue Hole
24.42609,-77.76326,2.89563521092416,Seagrass & Silt,Blue Hole
24.42657,-77.76223,2.37746891002195,Seagrass & Silt,Blue Hole
24.42647,-77.7625,3.35284077054377,Seagrass & Silt,Blue Hole
24.42678,-77.7625,3.5052426237503,Seagrass & Silt,Blue Hole
24.42619,-77.76279,3.01755669348939,Seagrass & Silt,Blue Hole
24.42609,-77.76326,3.26139965861985,Seagrass & Silt,Blue Hole
24.42657,-77.76223,1.92026335040234,Seagrass & Silt,Blue Hole
24.42647,-77.7625,4.3586930017069,Seagrass & Silt,Blue Hole
24.42678,-77.7625,4.51109485491344,Seagrass & Silt,Blue Hole
24.42722,-77.76236,3.26139965861985,Seagrass & Silt,Blue Hole
24.42707,-77.76245,4.32821263106559,Seagrass & Silt,Blue Hole
24.42657,-77.76223,3.0480370641307,Seagrass & Silt,Blue Hole
24.42647,-77.7625,3.32236039990246,Seagrass & Silt,Blue Hole
24.42678,-77.7625,4.60253596683736,Seagrass & Silt,Blue Hole
24.42722,-77.76236,3.38332114118508,Seagrass & Silt,Blue Hole
24.42707,-77.76245,4.17581077785906,Seagrass & Silt,Blue Hole
24.42657,-77.76223,3.56620336503292,Seagrass & Silt,Blue Hole
24.42647,-77.7625,3.44428188246769,Seagrass & Silt,Blue Hole
24.42678,-77.7625,5.27310412094611,Seagrass & Silt,Blue Hole
24.42722,-77.76236,4.38917337234821,Seagrass & Silt,Blue Hole
24.42707,-77.76245,4.75493782004389,Seagrass & Silt,Blue Hole
24.42657,-77.76223,3.62716410631553,Seagrass & Silt,Blue Hole
24.42647,-77.7625,3.38332114118508,Seagrass & Silt,Blue Hole
24.42678,-77.7625,4.84637893196781,Seagrass & Silt,Blue Hole
24.5105,-77.69432,61.8,Patch reef,Fore reef
24.42925,-77.69145,18.9283101682516,Sand & patch reef,Fore reef
24.43052,-77.69181,19.8732016581322,Sand & patch reef,Fore reef
24.43119,-77.69451,12.6188734455011,Sand & patch reef,Fore reef
24.42995,-77.69359,12.8627164106316,Sand & patch reef,Fore reef
24.43145,-77.69094,23.9880516947086,Sand & patch reef,Fore reef
24.43017,-77.69106,23.2565227993172,Sand & patch reef,Fore reef
24.4313,-77.69439,12.1616678858815,Sand & patch reef,Fore reef
24.43023,-77.69398,11.613021214338,Sand & patch reef,Fore reef
24.43132,-77.69102,23.6832479882955,Sand & patch reef,Fore reef
24.43089,-77.69078,27,Sand & patch reef,Fore reef
24.43136,-77.6942,11.8873445501097,Sand & patch reef,Fore reef
24.43045,-77.69393,12.4359912216533,Sand & patch reef,Fore reef
24.43188,-77.69084,26.4874420872958,Sand & patch reef,Fore reef
24.43142,-77.69095,23.3479639112412,Sand & patch reef,Fore reef
24.43218,-77.69078,22.6,Sand & patch reef,Fore reef
24.43143,-77.6909,23.2260424286759,Sand & patch reef,Fore reef
24.49809,-77.70276,3.20043891733723,Sand & patch reef,Back reef
24.49856,-77.70337,3.01755669348939,Sand & patch reef,Back reef
24.49789,-77.70437,2.04218483296757,Sand & patch reef,Back reef
24.49666,-77.70414,3.16995854669593,Sand & patch reef,Back reef
24.49531,-77.70352,3.41380151182638,Sand & patch reef,Back reef
24.49773,-77.70409,3,Sand & patch reef,Channel
24.49642,-77.70404,3,Sand & patch reef,Channel
24.49809,-77.70276,3.13947817605462,Sand & patch reef,Back reef
24.49856,-77.70337,2.98707632284809,Sand & patch reef,Back reef
24.49531,-77.70352,3.32236039990246,Sand & patch reef,Back reef
24.49789,-77.70437,2.89563521092416,Sand & patch reef,Back reef
24.4983,-77.70288,2.40794928066325,Sand & patch reef,Back reef
24.49856,-77.70337,2.98707632284809,Sand & patch reef,Back reef
24.49652,-77.70374,3.13947817605462,Sand & patch reef,Back reef
24.49531,-77.70352,3.56620336503292,Sand & patch reef,Back reef
24.49789,-77.70437,2.77371372835894,Sand & patch reef,Back reef
24.4982,-77.7028,3,Sand & patch reef,Channel
24.4983,-77.70288,2.31650816873933,Sand & patch reef,Back reef
24.49789,-77.70437,2.1945866861741,Sand & patch reef,Back reef
24.49652,-77.70374,3.10899780541331,Sand & patch reef,Back reef
24.49531,-77.70352,3.29188002926116,Sand & patch reef,Back reef
24.49386,-77.70526,2.6,Sand & seagrass,Back reef
24.4952,-77.70498,1.7,Sand & seagrass,Back reef
24.49612,-77.70404,2.9,Sand & seagrass,Back reef
24.49722,-77.70356,3.3,Sand & seagrass,Back reef
24.49848,-77.7032,2.3,Sand & seagrass,Back reef
24.4952,-77.70498,1.7,Sand & seagrass,Back reef
24.49386,-77.70526,2,Sand & seagrass,Back reef
24.4952,-77.70498,2.5,Sand & seagrass,Back reef
24.49612,-77.70404,3,Sand & seagrass,Back reef
24.49722,-77.70356,3.4,Sand & seagrass,Back reef
24.49848,-77.7032,3.2,Sand & seagrass,Back reef
24.58119,-77.69295,2.6,Sand & seagrass,Back reef
24.58258,-77.69257,2.1,Sand,Back reef
24.58382,-77.69378,2.6,Seagrass,Back reef
24.58559,-77.69372,3,Sand & seagrass,Back reef
24.58667,-77.69419,3.6,Sand,Back reef
24.58757,-77.69574,2.5,Sand,Back reef
24.58382,-77.69378,2.5,Seagrass,Back reef
24.58119,-77.69295,2.6,Sand & seagrass,Back reef
24.58258,-77.69257,2.1,Sand,Back reef
24.58559,-77.69372,3,Sand & seagrass,Back reef
24.58667,-77.69419,3.6,Sand,Back reef
24.58757,-77.69574,2.6,Sand,Back reef
24.58258,-77.69257,2,Sand,Back reef
24.58258,-77.69257,2.2,Sand,Back reef
24.58258,-77.69257,1.8,Sand,Back reef
24.58119,-77.69295,2,Sand & seagrass,Back reef
24.58559,-77.69372,2.9,Sand & seagrass,Back reef
24.58667,-77.69419,3.3,Sand,Back reef
24.58757,-77.69574,2.5,Sand,Back reef
24.58559,-77.69372,2.6,Sand & seagrass,Back reef
24.58119,-77.69295,1.8,Sand & seagrass,Back reef
24.58258,-77.69257,1.5,Sand,Back reef
24.58382,-77.69378,1.9,Seagrass,Back reef
24.58667,-77.69419,2.9,Sand,Back reef
24.58757,-77.69574,2.4,Sand,Back reef
24.58559,-77.69372,2.5,Sand & seagrass,Back reef
24.58119,-77.69295,1.8,Sand & seagrass,Back reef
24.58258,-77.69257,1.5,Sand,Back reef
24.58382,-77.69378,2.1,Seagrass,Back reef
24.58667,-77.69419,2.9,Sand,Back reef
24.58757,-77.69574,2.4,Sand,Back reef
24.58258,-77.69257,1.4,Sand,Back reef
24.58258,-77.69257,1.7,Sand,Back reef
24.58119,-77.69295,2,Sand & seagrass,Back reef
24.58382,-77.69378,2.1,Seagrass,Back reef
24.58559,-77.69372,2.5,Sand & seagrass,Back reef
24.58667,-77.69419,2.8,Sand,Back reef
24.58757,-77.69574,2.4,Sand,Back reef
24.58757,-77.69574,2.6,Sand,Back reef
24.58667,-77.69419,2.7,Sand,Back reef
24.58559,-77.69372,2.7,Sand & seagrass,Back reef
24.58382,-77.69378,2.4,Seagrass,Back reef
24.58258,-77.69257,1.5,Sand,Back reef
24.58119,-77.69295,2,Sand & seagrass,Back reef
24.68613,-77.75677,0.5,Sand,Channel
24.68893,-77.73838,3.3,Sand,Back reef
24.69207,-77.73932,3.5,Sand,Back reef
24.69219,-77.73982,3.7,Sand,Back reef
24.69356,-77.74129,3.5,Sand,Back reef
24.69578,-77.74257,1.9,Sand,Back reef
24.6969,-77.74428,1.9,Sand,Back reef
24.68893,-77.73838,3.2,Sand,Back reef
24.69207,-77.73932,3.1,Sand,Back reef
24.69219,-77.73982,2.8,Sand,Back reef
24.69356,-77.74129,1.6,Sand,Back reef
24.69578,-77.74257,1.7,Sand,Back reef
24.6969,-77.74428,1.7,Sand,Back reef
24.68893,-77.73838,2.7,Sand,Back reef
24.69207,-77.73932,2.8,Sand,Back reef
24.69219,-77.73982,2.7,Sand,Back reef
24.69356,-77.74129,1.6,Sand,Back reef
24.69578,-77.74257,1.6,Sand,Back reef
24.6969,-77.74428,1.6,Sand,Back reef
24.68613,-77.75677,0.5,Sand,Channel
24.68893,-77.73838,3.1,Sand,Back reef
24.69207,-77.73932,3,Sand,Back reef
24.69219,-77.73982,2.7,Sand,Back reef
24.69356,-77.74129,1.3,Sand,Back reef
24.69578,-77.74257,1.6,Sand,Back reef
24.6969,-77.74428,1.5,Sand,Back reef
24.68893,-77.73838,3,Sand,Back reef
24.69219,-77.73982,2.8,Sand,Back reef
24.69207,-77.73932,3.1,Sand,Back reef
24.69356,-77.74129,1.4,Sand,Back reef
24.69578,-77.74257,1.5,Sand,Back reef
24.6969,-77.74428,1.2,Sand,Back reef
24.43174,-77.69632,9.6,Sand & patch reef,Fore reef
24.43504,-77.69662,11.8,Sand & patch reef,Back reef
24.42891,-77.69539,10,Sand & patch reef,Fore reef
24.43048,-77.69565,10.9,Sand & patch reef,Fore reef
24.43654,-77.69713,10.4,Sand & patch reef,Fore reef
24.43333,-77.69637,10.3,Sand & patch reef,Fore reef
24.42891,-77.69539,8.8,Sand & patch reef,Back reef
24.43048,-77.69565,11.6,Sand & patch reef,Fore reef
24.43174,-77.69632,9.6,Sand & patch reef,Fore reef
24.43333,-77.69637,12,Sand & patch reef,Fore reef
24.43504,-77.69662,11.7,Sand & patch reef,Fore reef
24.43654,-77.69713,8.9,Sand & patch reef,Back reef
24.42891,-77.69539,8.7,Sand & patch reef,Fore reef
24.43048,-77.69565,10.9,Sand & patch reef,Fore reef
24.43174,-77.69632,8.6,Sand & patch reef,Fore reef
24.43333,-77.69637,12.1,Sand & patch reef,Fore reef
24.43504,-77.69662,11.6,Sand & patch reef,Fore reef
24.43654,-77.69713,10,Sand & patch reef,Fore reef
24.42891,-77.69539,9.3,Sand & patch reef,Fore reef
24.43048,-77.69565,10.9,Sand & patch reef,Fore reef
24.43174,-77.69632,9.1,Sand & patch reef,Fore reef
24.43333,-77.69637,12.2,Sand & patch reef,Fore reef
24.43504,-77.69662,11.8,Sand & patch reef,Back reef
24.43654,-77.69713,10.2,Sand & patch reef,Fore reef
24.43084,-77.69565,11.1,Sand & patch reef,Back reef
24.42891,-77.69539,7.8,Sand & patch reef,Fore reef
24.43174,-77.69632,9.1,Sand & patch reef,Fore reef
24.43333,-77.69637,11.4,Sand & patch reef,Fore reef
24.43504,-77.69662,11.5,Sand & patch reef,Fore reef
24.43654,-77.69713,10.2,Sand & patch reef,Fore reef
24.43504,-77.69662,13.6,Sand & patch reef,Fore reef
24.43654,-77.69713,9.9,Sand & patch reef,Fore reef
24.42891,-77.69539,8.1,Sand & patch reef,Fore reef
24.43048,-77.69565,8.9,Sand & patch reef,Fore reef
24.43174,-77.69632,8.9,Sand & patch reef,Fore reef
24.43333,-77.69637,11.8,Sand & patch reef,Fore reef
24.43333,-77.69637,11.7,Sand & patch reef,Back reef
24.42891,-77.69539,8.1,Sand & patch reef,Fore reef
24.43048,-77.69565,9.3,Sand & patch reef,Fore reef
24.43174,-77.69632,9.2,Sand & patch reef,Fore reef
24.43504,-77.69662,13.3,Sand & patch reef,Fore reef
24.43654,-77.69713,10.5,Sand & patch reef,Fore reef
24.43654,-77.69713,10.3,Sand & patch reef,Fore reef
24.43504,-77.69662,12.5,Sand & patch reef,Back reef
24.42891,-77.69539,7.5,Sand & patch reef,Back reef
24.43048,-77.69565,8.4,Sand & patch reef,Fore reef
24.43174,-77.69632,9.1,Sand & patch reef,Fore reef
24.43333,-77.69637,12.1,Sand & patch reef,Fore reef
24.58117,-77.6937,3.2,Sand & seagrass,Back reef
24.58174,-77.69353,3,Sand & seagrass,Back reef
24.58286,-77.69368,2.7,Sand & seagrass,Back reef
24.58418,-77.6939,3.1,Sand & seagrass,Back reef
24.58533,-77.69367,3.5,Sand & seagrass,Back reef
24.58628,-77.69333,3.9,Sand & seagrass,Back reef
24.58117,-77.6937,3.2,Sand & seagrass,Back reef
24.58174,-77.69353,3,Sand & seagrass,Back reef
24.58286,-77.69368,2.5,Sand & seagrass,Back reef
24.58418,-77.6939,3.2,Sand & seagrass,Back reef
24.58533,-77.69367,3.3,Sand & seagrass,Back reef
24.58628,-77.69333,4,Sand & seagrass,Back reef
24.58174,-77.69353,2.9,Sand & seagrass,Back reef
24.58117,-77.6937,2.7,Sand & seagrass,Back reef
24.58286,-77.69368,2.5,Sand & seagrass,Back reef
24.58418,-77.6939,3.2,Sand & seagrass,Back reef
24.58533,-77.69367,3.4,Sand & seagrass,Back reef
24.58628,-77.69333,3.9,Sand & seagrass,Back reef
24.58117,-77.6937,2.2,Sand & seagrass,Back reef
24.58174,-77.69353,2.6,Sand & seagrass,Back reef
24.58286,-77.69368,2.2,Sand & seagrass,Back reef
24.58418,-77.6939,3.1,Sand & seagrass,Back reef
24.58533,-77.69367,3.3,Sand & seagrass,Back reef
24.58628,-77.69333,3.8,Sand & seagrass,Back reef
24.58628,-77.69333,3.5,Sand & seagrass,Back reef
24.58117,-77.6937,2.8,Sand & seagrass,Back reef
24.58174,-77.69353,2.6,Sand & seagrass,Back reef
24.58286,-77.69368,2,Sand & seagrass,Back reef
24.58418,-77.6939,2.8,Sand & seagrass,Back reef
24.58533,-77.69367,3,Sand & seagrass,Back reef
24.58117,-77.6937,2.5,Sand & seagrass,Back reef
24.58174,-77.69353,2.3,Sand & seagrass,Back reef
24.58286,-77.69368,1.8,Sand & seagrass,Back reef
24.58418,-77.6939,2.6,Sand & seagrass,Back reef
24.58533,-77.69367,2.9,Sand & seagrass,Back reef
24.58628,-77.69333,3,Sand & seagrass,Back reef
24.43112,-77.69735,9.45121951219512,Sand & patch reef,Fore reef
24.43571,-77.69467,16,Sand & patch reef,Back reef
24.43407,-77.69467,15.609756097561,Sand & patch reef,Fore reef
24.43243,-77.6944,14.2073170731707,Sand & patch reef,Fore reef
24.43557,-77.69735,9.78658536585366,Sand & patch reef,Fore reef
24.43112,-77.69735,9.45121951219512,Sand & patch reef,Fore reef
24.43258,-77.69712,9.08536585365854,Sand & patch reef,Fore reef
24.43112,-77.69735,9.45121951219512,Sand & patch reef,Fore reef
24.43571,-77.69467,16.2804878048781,Sand & patch reef,Fore reef
24.43407,-77.69467,15.609756097561,Sand & patch reef,Fore reef
24.43243,-77.6944,14.2073170731707,Sand & patch reef,Fore reef
24.43557,-77.69735,9.78658536585366,Sand & patch reef,Fore reef
24.43258,-77.69712,9.08536585365854,Sand & patch reef,Fore reef
24.43112,-77.69735,7.7,Sand & patch reef,Back reef
24.43571,-77.69467,16.2804878048781,Sand & patch reef,Fore reef
24.43407,-77.69467,15.609756097561,Sand & patch reef,Fore reef
24.43243,-77.6944,14.2073170731707,Sand & patch reef,Fore reef
24.43557,-77.69735,9.78658536585366,Sand & patch reef,Fore reef
24.43258,-77.69712,9.08536585365854,Sand & patch reef,Fore reef
24.43557,-77.69735,9.78658536585366,Sand & patch reef,Fore reef
24.43571,-77.69467,16.2804878048781,Sand & patch reef,Fore reef
24.43407,-77.69467,15.609756097561,Sand & patch reef,Fore reef
24.43243,-77.6944,14.2073170731707,Sand & patch reef,Fore reef
24.43112,-77.69735,9.45121951219512,Sand & patch reef,Fore reef
24.43258,-77.69712,9.08536585365854,Sand & patch reef,Fore reef
24.43571,-77.69467,16.2804878048781,Sand & patch reef,Fore reef
24.43407,-77.69467,15.609756097561,Sand & patch reef,Fore reef
24.43243,-77.6944,14.2073170731707,Sand & patch reef,Fore reef
24.43557,-77.69735,9.78658536585366,Sand & patch reef,Fore reef
24.43112,-77.69735,9.45121951219512,Sand & patch reef,Fore reef
24.43258,-77.69712,9.08536585365854,Sand & patch reef,Fore reef
24.43571,-77.69467,16.2804878048781,Sand & patch reef,Fore reef
24.43407,-77.69467,15.609756097561,Sand & patch reef,Fore reef
24.43243,-77.6944,14.2073170731707,Sand & patch reef,Fore reef
24.43557,-77.69735,9.78658536585366,Sand & patch reef,Fore reef
24.43112,-77.69735,9.45121951219512,Sand & patch reef,Fore reef
24.43258,-77.69712,9.08536585365854,Sand & patch reef,Fore reef
24.43112,-77.69735,8.7,Sand & patch reef,Back reef
24.43571,-77.69467,16.2804878048781,Sand & patch reef,Fore reef
24.43407,-77.69467,15.609756097561,Sand & patch reef,Fore reef
24.43243,-77.6944,14.2073170731707,Sand & patch reef,Fore reef
24.43557,-77.69735,9.78658536585366,Sand & patch reef,Fore reef
24.43258,-77.69712,9.08536585365854,Sand & patch reef,Fore reef
24.43571,-77.69467,16.2804878048781,Sand & patch reef,Fore reef
24.43407,-77.69467,15.609756097561,Sand & patch reef,Fore reef
24.43243,-77.6944,14.2073170731707,Sand & patch reef,Fore reef
24.43557,-77.69735,9.78658536585366,Sand & patch reef,Fore reef
24.43112,-77.69735,9.45121951219512,Sand & patch reef,Fore reef
24.43258,-77.69712,9.08536585365854,Sand & patch reef,Fore reef
24.43571,-77.69467,16.2804878048781,Sand & patch reef,Fore reef
24.43407,-77.69467,15.609756097561,Sand & patch reef,Fore reef
24.43243,-77.6944,14.2073170731707,Sand & patch reef,Fore reef
24.43557,-77.69735,9.78658536585366,Sand & patch reef,Fore reef
24.43112,-77.69735,9.45121951219512,Sand & patch reef,Fore reef
24.43258,-77.69712,9.08536585365854,Sand & patch reef,Fore reef
24.43571,-77.69467,16.2804878048781,Sand & patch reef,Fore reef
24.43407,-77.69467,15.609756097561,Sand & patch reef,Fore reef
24.43243,-77.6944,14.2073170731707,Sand & patch reef,Fore reef
24.43557,-77.69735,9.78658536585366,Sand & patch reef,Fore reef
24.43112,-77.69735,9.45,Sand & patch reef,Fore reef
24.43258,-77.69712,9.08536585365854,Sand & patch reef,Fore reef
24.57944,-77.69111,3,Sand,Back reef
24.58416,-77.69004,3,Sand,Back reef
24.58194,-77.69075,3,Sand,Back reef
24.5822,-77.69053,3,Sand,Back reef
24.57823,-77.69087,3,Sand,Back reef
24.57944,-77.69111,3,Sand,Back reef
24.58416,-77.69004,3,Sand,Back reef
24.5822,-77.69053,3,Sand,Back reef
24.58194,-77.69075,3,Sand,Back reef
24.57823,-77.69087,3,Sand,Back reef
24.57944,-77.69111,3,Sand,Back reef
24.57823,-77.69087,3,Sand,Back reef
24.58194,-77.69075,3,Sand,Back reef
24.5822,-77.69053,3,Sand,Back reef
24.58416,-77.69004,3,Sand,Back reef
24.58416,-77.69004,3,Sand,Back reef
24.5822,-77.69053,3,Sand,Back reef
24.58194,-77.69075,3,Sand,Back reef
24.57944,-77.69111,3,Sand,Back reef
24.57823,-77.69087,3,Sand,Back reef
24.58416,-77.69004,3,Sand,Back reef
24.5822,-77.69053,3,Sand,Back reef
24.58194,-77.69075,3,Sand,Back reef
24.57944,-77.69111,3,Sand,Back reef
24.57823,-77.69087,3,Sand,Back reef
24.54883,-77.63503,1100,Pelagic,Pelagic
24.54883,-77.63503,1100,Pelagic,Pelagic
24.54883,-77.63503,1100,Pelagic,Pelagic
24.54883,-77.63503,1100,Pelagic,Pelagic
24.54883,-77.63503,1100,Pelagic,Pelagic
24.54883,-77.63503,1100,Pelagic,Pelagic
24.54883,-77.63503,1100,Pelagic,Pelagic
24.4965,-77.69732,49.7,Patch reef,Fore reef
24.53355,-77.69488,3.4,Sand & seagrass,Back reef
24.53616,-77.69376,3.3,Sand & seagrass,Back reef
24.52809,-77.69783,3.4,Sand & seagrass,Back reef
24.52988,-77.69695,3,Sand & seagrass,Back reef
24.53185,-77.6962,3.2,Sand & seagrass,Back reef
24.53355,-77.69488,3,Sand & seagrass,Back reef
24.52809,-77.69783,3,Sand & seagrass,Back reef
24.52988,-77.69695,2.9,Sand & seagrass,Back reef
24.53185,-77.6962,3,Sand & seagrass,Back reef
24.53616,-77.69376,3,Sand & seagrass,Back reef
24.52809,-77.69783,3,Sand & seagrass,Back reef
24.52988,-77.69695,2.6,Sand & seagrass,Back reef
24.53185,-77.6962,2.9,Sand & seagrass,Back reef
24.53355,-77.69488,2.8,Sand & seagrass,Back reef
26.90566,-79.9699,50,Pelagic,Pelagic
26.90566,-79.9699,50,Pelagic,Pelagic
26.90566,-79.9699,50,Pelagic,Pelagic
26.90566,-79.9699,50,Pelagic,Pelagic
26.90566,-79.9699,50,Pelagic,Pelagic
26.90566,-79.9699,50,Pelagic,Pelagic
26.90566,-79.9699,50,Pelagic,Pelagic
26.90566,-79.9699,50,Pelagic,Pelagic
26.90566,-79.9699,50,Pelagic,Pelagic
24.49774,-77.70568,2.4,Sand,Back reef
24.49,-77.70869,3,Sand,Back reef
24.49369,-77.7057,3,Sand,Back reef
24.49774,-77.70568,3.3,Sand,Back reef
24.49774,-77.70568,2.2,Sand,Back reef
24.49,-77.70869,3.2,Sand,Back reef
24.49369,-77.7057,3.3,Sand,Back reef
24.49369,-77.7057,3.5,Sand,Back reef
24.49774,-77.70568,2.2,Sand,Back reef
24.49369,-77.7057,3.3,Sand,Back reef
24.49,-77.70869,3,Sand,Back reef
24.49774,-77.70568,3.4,Sand,Back reef
24.49369,-77.7057,2.2,Sand,Back reef
24.49,-77.70869,2.9,Sand,Back reef
24.57845,-77.69319,2.2,Sand & seagrass,Back reef
24.58036,-77.6934,2.7,Sand & patch reef,Back reef
24.5823,-77.69397,2.6,Sand & seagrass,Back reef
24.58465,-77.69494,3,Sand & patch reef,Back reef
24.58713,-77.69433,3.6,Sand & patch reef,Back reef
24.58036,-77.6934,2.8,Sand & seagrass,Back reef
24.5823,-77.69397,2.5,Sand & patch reef,Back reef
24.57845,-77.69319,3.3,Sand & seagrass,Back reef
24.58465,-77.69494,3.1,Sand & patch reef,Back reef
24.58713,-77.69433,3.7,Sand & patch reef,Back reef
24.58713,-77.69433,3.1,Sand & seagrass,Back reef
24.5823,-77.69397,2.1,Sand & patch reef,Back reef
24.58465,-77.69494,3,Sand & patch reef,Back reef
24.57845,-77.69319,3.3,Sand & patch reef,Back reef
24.58036,-77.6934,2,Sand & patch reef,Back reef
24.58465,-77.69494,3,Sand & seagrass,Back reef
24.58713,-77.69433,3,Sand & seagrass,Back reef
24.5823,-77.69397,2.2,Sand & patch reef,Back reef
24.57845,-77.69319,2.6,Sand & patch reef,Back reef
24.58036,-77.6934,1.6,Sand & patch reef,Back reef
24.5823,-77.69397,2.2,Sand & patch reef,Back reef
24.58465,-77.69494,1.8,Sand & seagrass,Back reef
24.58713,-77.69433,2.2,Sand & patch reef,Back reef
24.57845,-77.69319,2.7,Sand & patch reef,Back reef
24.58036,-77.6934,1.7,Sand & patch reef,Back reef
24.5823,-77.69397,2,Sand & patch reef,Back reef
24.58713,-77.69433,2.4,Sand & patch reef,Back reef
24.49428,-77.70491,2,Sand & patch reef,Back reef
24.4936,-77.70493,2.5,Sand & patch reef,Back reef
24.49712,-77.70525,3,Sand & patch reef,Back reef
24.49829,-77.70541,3.1,Sand & patch reef,Back reef
24.49891,-77.70611,2.6,Sand & patch reef,Back reef
24.49428,-77.70491,2.4,Sand & patch reef,Back reef
24.4936,-77.70493,2.9,Sand & patch reef,Back reef
24.49712,-77.70525,2.6,Sand & patch reef,Back reef
24.49829,-77.70541,2.4,Sand & patch reef,Back reef
24.49891,-77.70611,1.8,Sand & patch reef,Back reef
24.49428,-77.70491,1.8,Sand & patch reef,Back reef
24.4936,-77.70493,2.9,Sand & patch reef,Back reef
24.49712,-77.70525,3,Sand & patch reef,Back reef
24.49829,-77.70541,2.3,Sand & patch reef,Back reef
24.49891,-77.70611,2.7,Sand & patch reef,Back reef
24.4949,-77.70369,2.7,Sand & patch reef,Back reef
24.49712,-77.70525,2.2,Sand & patch reef,Back reef
24.49639,-77.70448,2.5,Sand & patch reef,Back reef
24.49829,-77.70541,1.8,Sand & patch reef,Back reef
24.49891,-77.70611,2.9,Sand & patch reef,Back reef
24.4949,-77.70369,2.4,Sand & patch reef,Back reef
24.49725,-77.70441,2.8,Sand & patch reef,Back reef
24.49639,-77.70448,2.4,Sand & patch reef,Back reef
24.49829,-77.70541,1.9,Sand & patch reef,Back reef
24.4949,-77.70369,2.6,Sand & patch reef,Back reef
24.49829,-77.70541,2.7,Sand & patch reef,Back reef
24.49891,-77.70611,2.6,Sand & patch reef,Back reef
24.49829,-77.70541,2.8,Sand & patch reef,Back reef
24.49639,-77.70448,2.1,Sand & patch reef,Back reef
24.49639,-77.70448,2.7,Sand & patch reef,Back reef
24.4949,-77.70369,2,Sand & patch reef,Back reef
24.49725,-77.70441,2.5,Sand & patch reef,Back reef
24.49829,-77.70541,2.7,Sand & patch reef,Back reef
24.49639,-77.70448,2.4,Sand & patch reef,Back reef
24.48506,-77.70914,3.93292682926829,Sand & patch reef,Back reef
24.48631,-77.70941,3.75,Sand & patch reef,Back reef
24.48783,-77.71052,3.59756097560976,Sand & patch reef,Back reef
24.4892,-77.71117,3.20121951219512,Sand & patch reef,Back reef
24.49091,-77.71157,2.9,Sand & patch reef,Back reef
24.48506,-77.70914,3.62804878048781,Sand & patch reef,Back reef
24.48631,-77.70941,3.50609756097561,Sand & patch reef,Back reef
24.48783,-77.71052,4.26829268292683,Sand & patch reef,Back reef
24.4892,-77.71117,3.04878048780488,Sand & patch reef,Back reef
24.49091,-77.71157,3.07926829268293,Sand & patch reef,Back reef
24.4892,-77.71117,3.44512195121951,Sand & patch reef,Back reef
24.49107,-77.71211,3.3,Sand & patch reef,Back reef
24.48506,-77.70914,3.78048780487805,Sand & patch reef,Back reef
24.48631,-77.70941,3.8109756097561,Sand & patch reef,Back reef
24.48783,-77.71052,4.69512195121951,Sand & patch reef,Back reef
24.57685,-77.69005,4.08412069491009,Sand & patch reef,Back reef
24.57987,-77.69061,3.90124961901859,Sand & patch reef,Back reef
24.58126,-77.69078,2.56019506248095,Sand & patch reef,Back reef
24.58178,-77.69236,2.86498018896678,Sand & patch reef,Back reef
24.58279,-77.69424,2.8345016763182,Sand & patch reef,Back reef
24.57685,-77.69005,3.10880829015544,Sand & patch reef,Back reef
24.57987,-77.69061,3.50502895458702,Sand & patch reef,Back reef
24.58126,-77.69078,2.37732398658945,Sand & patch reef,Back reef
24.58178,-77.69236,2.98689423956111,Sand & patch reef,Back reef
24.58279,-77.69424,2.25540993599512,Sand & patch reef,Back reef
24.58178,-77.69236,2.5,Sand & patch reef,Back reef
24.57685,-77.69005,3.41359341664127,Sand & patch reef,Back reef
24.57987,-77.69061,2.40780249923804,Sand & patch reef,Back reef
24.58126,-77.69078,2.49923803718378,Sand & patch reef,Back reef
24.58279,-77.69424,2.34684547394087,Sand & patch reef,Back reef
24.58178,-77.69236,3.38,Sand & patch reef,Back reef
24.57685,-77.69005,2.41122314774222,Sand & patch reef,Back reef
24.57987,-77.69061,4.07715914072775,Sand & patch reef,Back reef
24.58126,-77.69078,3.02498903989478,Sand & patch reef,Back reef
24.57685,-77.69005,3.6,Sand & patch reef,Back reef
24.58279,-77.69424,3.1565103024989,Sand & patch reef,Back reef
24.58279,-77.69424,2.4,Sand & patch reef,Back reef
24.58178,-77.69236,1.8,Sand & patch reef,Back reef
24.57987,-77.69061,4.25252082419991,Sand & patch reef,Back reef
24.58178,-77.69236,2,Sand & patch reef,Back reef
24.58126,-77.69078,2.54274441034634,Sand & patch reef,Back reef
24.58279,-77.69424,3.06882946076282,Sand & patch reef,Back reef
24.57987,-77.69061,4.07715914072775,Sand & patch reef,Back reef
24.57685,-77.69005,3.1,Sand & patch reef,Back reef
24.58126,-77.69078,2.84962735642262,Sand & patch reef,Back reef
24.58178,-77.69236,3.11266988163086,Sand & patch reef,Back reef
24.54883,-77.63503,1100,Pelagic,Pelagic
24.4269,-77.70655,1.9,Sand & patch reef,Channel
24.43072,-77.70647,3.29167936604694,Sand & patch reef,Back reef
24.43178,-77.70591,3.87077110637001,Sand & patch reef,Back reef
24.43394,-77.70541,2.7,Sand & patch reef,Channel
24.43533,-77.70545,2.4687595245352,Sand & patch reef,Back reef
24.43072,-77.70647,3.41359341664127,Sand & patch reef,Back reef
24.4235,-77.70749,2.6,Sand & patch reef,Channel
24.43178,-77.70591,3.87077110637001,Sand & patch reef,Back reef
24.43072,-77.70647,3.6,Sand & patch reef,Channel
24.43394,-77.70541,2.40780249923804,Sand & patch reef,Back reef
24.43533,-77.70543,2,Sand & patch reef,Channel
24.43178,-77.70591,3.77933556842426,Sand & patch reef,Back reef
24.4269,-77.70655,2.95641572691253,Sand & patch reef,Back reef
24.43533,-77.70543,1.9,Sand & patch reef,Channel
24.43394,-77.70541,2.22493142334654,Sand & patch reef,Back reef
24.43072,-77.70647,3.26120085339835,Sand & patch reef,Back reef
24.42712,-77.76427,5.4,Seagrass & Silt,Blue Hole
24.42631,-77.76412,6.5,Seagrass & Silt,Blue Hole
24.42751,-77.76327,6.5,Seagrass & Silt,Blue Hole
24.42611,-77.76359,6.5,Seagrass & Silt,Blue Hole
24.42648,-77.76235,6.5,Seagrass & Silt,Blue Hole
24.42631,-77.76412,6.5,Seagrass & Silt,Blue Hole
24.42712,-77.76427,6.5,Seagrass & Silt,Blue Hole
24.42751,-77.76327,6.5,Seagrass & Silt,Blue Hole
24.42611,-77.76359,6.5,Seagrass & Silt,Blue Hole
24.42648,-77.76235,6.5,Seagrass & Silt,Blue Hole
24.42611,-77.76359,6.2,Seagrass & Silt,Blue Hole
24.42631,-77.76412,6.5,Seagrass & Silt,Blue Hole
24.42712,-77.76427,6.5,Seagrass & Silt,Blue Hole
24.42751,-77.76327,6.5,Seagrass & Silt,Blue Hole
24.42648,-77.76235,6.5,Seagrass & Silt,Blue Hole
24.42611,-77.76359,6.5,Seagrass & Silt,Blue Hole
24.42631,-77.76412,6.5,Seagrass & Silt,Blue Hole
24.42712,-77.76427,6.5,Seagrass & Silt,Blue Hole
24.42751,-77.76327,6.5,Seagrass & Silt,Blue Hole
24.42648,-77.76235,6.5,Seagrass & Silt,Blue Hole
24.42611,-77.76359,6.5,Seagrass & Silt,Blue Hole
24.42631,-77.76418,5.8,Seagrass & Silt,Blue Hole
24.42751,-77.76327,6.5,Seagrass & Silt,Blue Hole
24.42712,-77.76427,6.5,Seagrass & Silt,Blue Hole
24.42648,-77.76235,6.5,Seagrass & Silt,Blue Hole
24.42611,-77.76359,6.5,Seagrass & Silt,Blue Hole
24.42631,-77.76412,6.5,Seagrass & Silt,Blue Hole
24.42631,-77.76418,8.5,Seagrass & Silt,Blue Hole
24.42631,-77.76418,6,Seagrass & Silt,Blue Hole
24.42712,-77.76427,6.5,Seagrass & Silt,Blue Hole
24.42751,-77.76327,6.5,Seagrass & Silt,Blue Hole
24.42648,-77.76235,6.5,Seagrass & Silt,Blue Hole
24.42611,-77.76359,6.5,Seagrass & Silt,Blue Hole
24.42751,-77.76327,5.3,Seagrass & Silt,Blue Hole
24.42631,-77.76412,6.5,Seagrass & Silt,Blue Hole
24.42712,-77.76427,6.5,Seagrass & Silt,Blue Hole
24.42611,-77.76359,6.5,Seagrass & Silt,Blue Hole
24.42648,-77.76235,6.5,Seagrass & Silt,Blue Hole
24.42631,-77.76418,9,Seagrass & Silt,Blue Hole
24.42712,-77.76427,6.5,Seagrass & Silt,Blue Hole
24.42751,-77.76327,6.5,Seagrass & Silt,Blue Hole
24.42611,-77.76359,6.5,Seagrass & Silt,Blue Hole
24.42648,-77.76235,6.5,Seagrass & Silt,Blue Hole
24.42631,-77.76412,6.5,Seagrass & Silt,Blue Hole
24.42712,-77.76427,6.5,Seagrass & Silt,Blue Hole
24.42751,-77.76327,6.5,Seagrass & Silt,Blue Hole
24.42611,-77.76359,6.5,Seagrass & Silt,Blue Hole
24.42648,-77.76235,6.5,Seagrass & Silt,Blue Hole
24.42712,-77.76427,6.5,Seagrass & Silt,Blue Hole
24.42631,-77.76412,6.5,Seagrass & Silt,Blue Hole
24.42712,-77.76427,6.5,Seagrass & Silt,Blue Hole
24.42751,-77.76327,6.5,Seagrass & Silt,Blue Hole
24.42611,-77.76359,6.5,Seagrass & Silt,Blue Hole
24.42648,-77.76235,6.5,Seagrass & Silt,Blue Hole
24.42631,-77.76412,6.5,Seagrass & Silt,Blue Hole
24.42712,-77.76427,6.5,Seagrass & Silt,Blue Hole
24.42751,-77.76327,6.5,Seagrass & Silt,Blue Hole
24.42611,-77.76359,6.5,Seagrass & Silt,Blue Hole
24.42648,-77.76235,6.5,Seagrass & Silt,Blue Hole
24.42631,-77.76412,6.5,Seagrass & Silt,Blue Hole
24.488,-77.713,2.8,Seagrass,Flats
24.483,-77.711,3.3528,Seagrass,Flats
24.484,-77.712,3.41376,Seagrass,Flats
24.4845,-77.712,2.8956,Seagrass,Flats
24.486,-77.712,2.49936,Seagrass,Flats
24.486,-77.713,3.4,Seagrass,Flats
24.483,-77.711,2.98704,Seagrass,Flats
24.484,-77.712,4.08432,Seagrass,Flats
24.4845,-77.712,2.98704,Seagrass,Flats
24.486,-77.712,2.71272,Seagrass,Flats
24.486,-77.713,3.3528,Seagrass,Flats
24.488,-77.712,2.77368,Seagrass,Flats
24.484,-77.712,3.1,Seagrass,Flats
24.483,-77.711,3,Seagrass,Flats
24.484,-77.712,3.93192,Seagrass,Flats
24.486,-77.712,2.98704,Seagrass,Flats
24.486,-77.713,4.08432,Seagrass,Flats
24.488,-77.712,3.23088,Seagrass,Flats
24.483,-77.711,3.2004,Seagrass,Flats
24.484,-77.712,4.20624,Seagrass,Flats
24.486,-77.712,2.80416,Seagrass,Flats
24.486,-77.713,3.84048,Seagrass,Flats
24.488,-77.713,3.3,Seagrass,Flats
24.42612,-77.76385,2.68224,Seagrass & Silt,Blue Hole
24.4269,-77.76538,2.68224,Seagrass & Silt,Blue Hole
24.42686,-77.76476,2.68224,Seagrass & Silt,Blue Hole
24.42613,-77.76542,2.56032,Seagrass & Silt,Blue Hole
24.4263,-77.7651,2.71272,Seagrass & Silt,Blue Hole
24.42612,-77.76385,2.68224,Seagrass & Silt,Blue Hole
24.4269,-77.76538,2.68224,Seagrass & Silt,Blue Hole
24.42686,-77.76476,2.40792,Seagrass & Silt,Blue Hole
24.42613,-77.76542,2.49936,Seagrass & Silt,Blue Hole
24.4263,-77.7651,2.71272,Seagrass & Silt,Blue Hole
24.4263,-77.76583,2.8,Seagrass & Silt,Blue Hole
24.42612,-77.76385,2.68224,Seagrass & Silt,Blue Hole
24.4269,-77.76538,2.68224,Seagrass & Silt,Blue Hole
24.42686,-77.76476,2.40792,Seagrass & Silt,Blue Hole
24.42613,-77.76542,2.49936,Seagrass & Silt,Blue Hole
24.42612,-77.76385,3.10896,Seagrass & Silt,Blue Hole
24.42738,-77.764415,3.4,Seagrass & Silt,Blue Hole
24.42686,-77.76476,2.37744,Seagrass & Silt,Blue Hole
24.42613,-77.76542,2.49936,Seagrass & Silt,Blue Hole
24.4269,-77.76538,2.68224,Seagrass & Silt,Blue Hole
24.42738,-77.764415,3.8,Seagrass & Silt,Blue Hole
24.42612,-77.76385,3.10896,Seagrass & Silt,Blue Hole
24.4269,-77.76538,2.07264,Seagrass & Silt,Blue Hole
24.42686,-77.76476,2.77368,Seagrass & Silt,Blue Hole
24.42613,-77.76542,4.84632,Seagrass & Silt,Blue Hole
24.4263,-77.7651,3.38328,Seagrass & Silt,Blue Hole
24.48359,-77.71154,2.8,Seagrass,Flats
24.4859,-77.7154,3.048,Seagrass,Flats
24.48144,-77.71253,4.2672,Seagrass,Flats
24.48359,-77.71154,2.8,Seagrass,Flats
24.48744,-77.71165,2.80416,Seagrass,Flats
24.4859,-77.7154,3.048,Seagrass,Flats
24.48359,-77.712,3.32232,Seagrass,Flats
24.48144,-77.71253,4.2672,Seagrass,Flats
24.48744,-77.71165,2.80416,Seagrass,Flats
24.4859,-77.7154,3.048,Seagrass,Flats
24.48359,-77.712,3.32232,Seagrass,Flats
24.482,-77.71247,2.8956,Seagrass,Flats
24.48144,-77.71253,3.41376,Seagrass,Flats
24.48744,-77.71165,2.80416,Seagrass,Flats
24.4859,-77.7154,3.16992,Seagrass,Flats
24.48359,-77.712,3.23088,Seagrass,Flats
24.482,-77.71247,3.68808,Seagrass,Flats
24.48144,-77.71253,3.38328,Seagrass,Flats
24.5819,-77.69411,3.048,Sand,Back reef
24.58271,-77.69453,3.23088,Sand,Back reef
24.53329,-77.69438,3.74904,Sand,Back reef
24.58435,-77.69504,3.56616,Sand,Back reef
24.58527,-77.69571,2.95656,Sand,Back reef
24.5819,-77.69411,3.048,Sand,Back reef
24.58271,-77.69453,3.23088,Sand,Back reef
24.53329,-77.69438,3.32232,Sand,Back reef
24.58435,-77.69504,3.62712,Sand,Back reef
24.58527,-77.69571,2.95656,Sand,Back reef
24.5819,-77.69411,3.07848,Sand,Back reef
24.58271,-77.69453,2.71272,Sand,Back reef
24.53329,-77.69438,3.23088,Sand,Back reef
24.58397,-77.69487,2.8,Sand,Back reef
24.58527,-77.69571,2.77368,Sand,Back reef
24.5819,-77.69411,2.8956,Sand,Back reef
24.58271,-77.69453,3.2004,Sand,Back reef
24.53329,-77.69438,3.13944,Sand,Back reef
24.58435,-77.69504,2.86512,Sand,Back reef
24.58527,-77.69571,2.68224,Sand,Back reef
24.5819,-77.69411,2.8956,Sand,Back reef
24.58271,-77.69453,2.86512,Sand,Back reef
24.53329,-77.69438,2.95656,Sand,Back reef
24.58435,-77.69504,2.68224,Sand,Back reef
24.58527,-77.69571,2.71272,Sand,Back reef
24.58435,-77.69504,2.49936,Sand,Back reef
24.58527,-77.69571,2.37744,Sand,Back reef
24.585599,-77.69512,2.86512,Sand,Back reef
24.586684,-77.69418,3.84048,Sand,Back reef
24.5878,-77.694,3.38328,Sand,Back reef
24.58435,-77.69504,2.8956,Sand,Back reef
24.58527,-77.69571,2.95656,Sand,Back reef
24.58527,-77.69571,2.83464,Sand,Back reef
24.585599,-77.69512,3.53568,Sand,Back reef
24.586684,-77.69418,3.71856,Sand,Back reef
24.45389,-77.75333,1.524,Seagrass & Silt,Flats
24.45361,-77.75262,1.6764,Seagrass & Silt,Flats
24.45355,-77.75982,1.6764,Seagrass & Silt,Flats
24.45355,-77.75072,1.524,Seagrass & Silt,Flats
24.45337,-77.74982,1.524,Seagrass & Silt,Flats
24.45389,-77.75333,1.34112,Seagrass & Silt,Flats
24.45361,-77.75262,1.55448,Seagrass & Silt,Flats
24.45355,-77.75982,1.73736,Seagrass & Silt,Flats
24.45355,-77.75072,1.524,Seagrass & Silt,Flats
24.45337,-77.74982,1.46304,Seagrass & Silt,Flats
24.45389,-77.75333,1.43256,Seagrass & Silt,Flats
24.45361,-77.75262,1.43256,Seagrass & Silt,Flats
24.45355,-77.75982,1.34112,Seagrass & Silt,Flats
24.45355,-77.75072,1.28016,Seagrass & Silt,Flats
24.45337,-77.74982,1.24968,Seagrass & Silt,Flats
24.45389,-77.75333,1.24968,Seagrass & Silt,Flats
24.45361,-77.75262,1.49352,Seagrass & Silt,Flats
24.45355,-77.75982,1.24968,Seagrass & Silt,Flats
24.45355,-77.75072,1.15824,Seagrass & Silt,Flats
24.45337,-77.74982,1.0668,Seagrass & Silt,Flats
24.45389,-77.75333,1.2192,Seagrass & Silt,Flats
24.45361,-77.75262,1.31064,Seagrass & Silt,Flats
24.45355,-77.75982,1.00584,Seagrass & Silt,Flats
24.45355,-77.75072,1.0668,Seagrass & Silt,Flats
24.45337,-77.74982,1.12776,Seagrass & Silt,Flats
24.45337,-77.74982,1.1,Seagrass & Silt,Flats
24.45389,-77.75333,1.0668,Seagrass & Silt,Flats
24.45361,-77.75262,1.1,Seagrass & Silt,Flats
24.45355,-77.75982,0.97536,Seagrass & Silt,Flats
24.45355,-77.75072,1.0668,Seagrass & Silt,Flats
24.45389,-77.75333,1.09728,Seagrass & Silt,Flats
24.45361,-77.75262,0.94488,Seagrass & Silt,Flats
24.45355,-77.75982,1.09728,Seagrass & Silt,Flats
24.45355,-77.75072,1.09728,Seagrass & Silt,Flats
24.45337,-77.74982,0.94488,Seagrass & Silt,Flats
24.45355,-77.75072,1.09728,Seagrass & Silt,Flats
24.45337,-77.74982,1.1,Seagrass & Silt,Flats
24.45355,-77.75982,1.09728,Seagrass & Silt,Flats
24.45361,-77.75262,0.94488,Seagrass & Silt,Flats
24.45389,-77.75333,1.0668,Seagrass & Silt,Flats
24.54883,-77.63503,1100,Pelagic,Pelagic
24.54883,-77.63503,1100,Pelagic,Pelagic
24.54883,-77.63503,1100,Pelagic,Pelagic
24.54883,-77.63503,1100,Pelagic,Pelagic
24.54883,-77.63503,1100,Pelagic,Pelagic
